aX,aY,aZ,gX,gY,gZ
-0.042,1.017,1.893,82.031,-2.869,-23.621
-0.092,1.091,2.029,108.704,11.169,-27.527
-0.142,1.112,2.063,137.024,17.578,-24.414
-0.174,1.087,2.037,158.081,14.587,-16.052
-0.193,1.049,1.997,176.331,3.113,-3.357
-0.217,1.014,1.979,187.622,-10.986,10.498
-0.243,1.001,1.938,199.890,-21.362,27.954
-0.234,0.957,1.871,213.623,-33.508,47.791
-0.199,0.890,1.846,223.083,-49.866,65.002
-0.178,0.856,1.800,242.737,-64.026,80.139
-0.160,0.771,1.671,275.208,-75.806,96.375
-0.159,0.634,1.497,293.701,-85.693,110.474
-0.196,0.519,1.266,309.326,-101.257,128.418
-0.231,0.367,0.995,321.045,-134.277,153.198
-0.224,0.202,0.726,323.608,-179.260,179.077
-0.192,0.063,0.472,327.087,-209.839,186.462
-0.152,-0.057,0.267,326.233,-206.116,170.105
-0.114,-0.120,0.118,322.510,-173.279,140.869
-0.062,-0.169,-0.013,327.271,-123.840,104.065
0.019,-0.257,-0.169,328.369,-71.289,62.927
0.070,-0.341,-0.360,314.697,-32.349,29.846
0.060,-0.380,-0.592,290.283,-23.071,18.738
0.023,-0.437,-0.830,260.193,-37.964,28.748
0.017,-0.536,-1.024,229.187,-58.411,50.049
0.056,-0.605,-1.196,204.163,-77.637,74.097
0.108,-0.652,-1.371,181.091,-91.736,91.003
0.151,-0.694,-1.536,156.799,-96.558,98.572
0.186,-0.662,-1.657,125.671,-94.543,97.839
0.220,-0.542,-1.680,88.562,-84.717,88.196
0.249,-0.372,-1.584,53.223,-61.707,70.251
0.274,-0.160,-1.400,23.193,-33.447,49.316
0.298,0.069,-1.157,-0.244,-10.254,29.968
0.323,0.303,-0.886,-15.076,7.141,16.846
0.352,0.529,-0.633,-22.766,16.846,9.644
0.386,0.717,-0.435,-25.940,19.592,8.362
0.432,0.856,-0.301,-27.954,16.357,11.108
0.491,0.940,-0.212,-26.550,10.010,17.212
0.575,0.974,-0.166,-22.400,1.282,22.766
0.663,0.974,-0.157,-16.052,-6.042,22.278
0.711,0.939,-0.189,-5.615,-6.653,15.381
0.726,0.875,-0.261,3.967,-3.906,7.385
0.727,0.794,-0.347,10.376,-1.465,-1.709
0.703,0.716,-0.424,13.611,-0.916,-9.644
0.658,0.650,-0.496,13.733,-4.089,-14.526
0.607,0.590,-0.561,11.902,-7.446,-17.395
0.552,0.555,-0.596,8.545,-10.193,-18.433
0.492,0.553,-0.604,3.418,-14.893,-16.479
0.434,0.564,-0.604,-2.380,-20.752,-12.451
0.385,0.569,-0.601,-7.751,-24.658,-8.850
0.340,0.564,-0.607,-11.230,-24.231,-7.202
0.303,0.548,-0.630,-14.282,-20.325,-6.165
0.293,0.525,-0.663,-18.677,-14.099,-5.737
0.301,0.503,-0.685,-24.353,-5.798,-7.874
0.298,0.490,-0.684,-28.992,2.625,-11.658
0.277,0.486,-0.684,-33.447,9.460,-13.855
0.246,0.474,-0.700,-40.833,12.329,-13.062
0.220,0.455,-0.710,-50.903,10.864,-9.338
0.199,0.443,-0.700,-60.974,7.629,-5.554
0.178,0.427,-0.686,-69.336,6.836,-2.441
0.169,0.404,-0.682,-77.087,9.521,-0.488
0.167,0.397,-0.665,-85.999,12.207,1.648
0.171,0.399,-0.627,-94.482,14.893,3.845
0.185,0.387,-0.591,-100.769,20.081,5.615
0.207,0.365,-0.572,-105.164,27.893,5.310
0.227,0.328,-0.568,-109.253,39.429,1.160
0.256,0.270,-0.580,-115.295,52.002,-6.470
0.290,0.224,-0.592,-127.686,60.486,-17.456
0.294,0.227,-0.548,-147.949,63.477,-27.893
0.284,0.263,-0.439,-165.161,64.819,-32.410
0.299,0.311,-0.305,-175.598,67.383,-36.377
0.315,0.370,-0.172,-180.237,69.458,-42.358
0.339,0.413,-0.079,-179.504,73.792,-46.387
0.380,0.442,-0.030,-182.007,78.857,-53.589
0.399,0.467,0.017,-187.622,82.581,-64.575
0.417,0.457,0.060,-194.458,89.966,-77.637
0.405,0.455,0.084,-202.515,92.957,-93.079
0.335,0.487,0.141,-210.083,85.022,-104.309
0.249,0.536,0.250,-211.609,77.637,-101.318
0.182,0.597,0.354,-202.942,70.129,-85.999
0.164,0.623,0.416,-187.195,60.425,-62.927
0.178,0.624,0.450,-172.241,44.250,-41.260
0.186,0.602,0.460,-162.292,28.870,-23.926
0.200,0.557,0.443,-159.485,16.602,-9.277
0.214,0.544,0.450,-169.006,9.216,-3.052
0.190,0.592,0.512,-179.504,15.808,-1.221
0.191,0.621,0.597,-176.086,43.457,-3.845
0.257,0.602,0.664,-169.556,83.557,-19.592
0.318,0.573,0.709,-167.786,122.559,-45.959
0.385,0.522,0.777,-173.218,139.954,-78.552
0.360,0.542,0.877,-186.768,123.047,-106.506
0.208,0.636,0.978,-191.772,105.164,-109.253
0.089,0.741,1.110,-190.430,97.839,-96.069
0.058,0.818,1.284,-174.255,97.107,-85.022
0.093,0.822,1.414,-146.057,99.487,-80.566
0.102,0.814,1.461,-127.075,90.393,-82.764
0.067,0.788,1.484,-116.150,69.702,-81.421
-0.003,0.802,1.533,-118.652,41.260,-76.050
-0.111,0.905,1.614,-120.483,21.851,-63.110
-0.172,0.999,1.676,-109.009,19.775,-45.715
-0.169,1.051,1.697,-88.135,21.912,-32.532
-0.166,1.064,1.681,-59.631,18.311,-21.851
-0.179,1.029,1.573,-28.748,6.775,-2.747
-0.163,0.940,1.399,-11.230,-13.733,19.897
-0.124,0.852,1.243,-8.911,-34.790,34.973
-0.089,0.812,1.136,-12.329,-44.922,41.260
-0.045,0.799,1.085,-15.747,-38.879,38.513
-0.003,0.795,1.073,-15.747,-20.386,24.902
0.018,0.789,1.051,-9.521,-0.183,9.155
0.016,0.778,0.993,-3.357,11.353,0.793
0.010,0.763,0.932,-1.404,11.658,1.221
0.014,0.744,0.896,-0.854,6.653,6.042
0.022,0.729,0.870,0.916,2.686,11.841
0.048,0.706,0.838,2.930,0.549,16.541
0.097,0.669,0.811,2.686,-2.747,17.334
0.132,0.643,0.795,-0.244,-6.714,14.160
0.133,0.641,0.786,-2.075,-8.240,11.902
0.131,0.643,0.779,-2.380,-8.301,12.268
0.142,0.638,0.777,-1.892,-9.827,13.672
0.155,0.632,0.783,0.122,-10.864,13.245

0.089,1.047,1.566,70.190,4.578,-15.198
0.065,1.090,1.630,84.717,10.925,-21.240
0.042,1.125,1.700,101.685,16.479,-25.757
0.019,1.165,1.782,116.211,21.362,-31.250
-0.022,1.215,1.844,135.498,25.818,-33.691
-0.061,1.238,1.833,158.203,24.475,-28.442
-0.089,1.225,1.783,172.058,18.127,-19.409
-0.125,1.211,1.729,183.533,11.292,-8.667
-0.143,1.166,1.650,198.486,4.395,6.409
-0.127,1.090,1.552,207.825,-7.568,21.606
-0.113,1.009,1.483,216.736,-22.583,35.095
-0.127,0.945,1.457,225.708,-35.217,47.058
-0.175,0.891,1.426,242.432,-49.011,64.270
-0.205,0.795,1.338,263.550,-69.458,92.529
-0.194,0.669,1.214,278.137,-95.337,121.033
-0.204,0.544,1.095,291.748,-116.028,144.836
-0.185,0.420,1.001,305.359,-130.554,167.664
-0.097,0.323,0.910,314.026,-137.817,174.438
-0.028,0.233,0.774,321.716,-133.362,159.180
-0.009,0.130,0.621,323.425,-122.131,134.583
-0.024,0.032,0.451,326.355,-105.774,113.098
-0.041,-0.109,0.222,325.623,-85.022,91.003
-0.036,-0.256,-0.001,310.242,-71.716,72.998
-0.040,-0.370,-0.166,298.950,-65.002,60.547
-0.052,-0.516,-0.379,296.692,-52.795,52.185
-0.055,-0.720,-0.721,288.086,-43.762,50.354
-0.040,-0.907,-1.124,265.503,-47.729,61.401
-0.004,-1.013,-1.474,229.614,-62.805,77.454
0.048,-1.058,-1.708,188.354,-72.510,85.449
0.109,-1.012,-1.829,144.409,-71.777,82.275
0.173,-0.857,-1.819,99.731,-66.101,73.181
0.243,-0.623,-1.664,61.035,-51.636,56.274
0.299,-0.327,-1.412,28.015,-34.424,35.889
0.320,0.007,-1.106,1.526,-24.170,20.996
0.314,0.344,-0.780,-14.343,-22.339,15.625
0.318,0.648,-0.478,-18.372,-22.644,15.930
0.323,0.876,-0.269,-13.794,-20.264,15.991
0.320,1.013,-0.181,-5.249,-14.526,16.174
0.335,1.058,-0.174,2.014,-11.353,17.456
0.366,1.028,-0.227,8.484,-12.451,19.409
0.415,0.948,-0.322,12.573,-16.235,22.034
0.459,0.840,-0.429,16.479,-21.118,22.766
0.476,0.736,-0.534,19.531,-24.109,21.301
0.478,0.664,-0.617,20.325,-25.146,16.907
0.460,0.620,-0.664,20.325,-23.193,8.423
0.412,0.596,-0.695,19.348,-16.663,-2.319
0.339,0.584,-0.710,14.282,-10.742,-9.155
0.260,0.581,-0.680,7.568,-10.925,-6.958
0.221,0.583,-0.637,2.686,-14.648,2.380
0.229,0.585,-0.613,0.244,-16.785,11.292
0.257,0.593,-0.606,-1.221,-13.428,14.465
0.290,0.599,-0.615,-2.014,-6.836,13.306
0.330,0.591,-0.634,-3.418,-1.160,11.597
0.382,0.578,-0.642,-5.554,3.418,7.507
0.414,0.553,-0.652,-6.165,10.010,0.061
0.425,0.509,-0.682,-7.996,18.005,-8.789
0.418,0.459,-0.721,-12.390,23.132,-16.113
0.389,0.413,-0.765,-19.775,24.841,-20.447
0.348,0.374,-0.796,-30.396,23.010,-19.958
0.297,0.352,-0.793,-42.603,17.517,-15.259
0.229,0.369,-0.749,-53.955,5.981,-4.089
0.167,0.389,-0.697,-60.547,-5.310,11.841
0.128,0.383,-0.688,-64.697,-11.475,26.001
0.091,0.354,-0.710,-70.984,-12.695,35.461
0.037,0.286,-0.750,-76.599,-9.033,40.955
0.001,0.200,-0.820,-84.045,-2.075,44.922
0.017,0.113,-0.877,-97.473,8.240,44.434
0.079,0.016,-0.904,-113.403,23.132,36.194
0.155,-0.047,-0.909,-131.653,40.894,20.203
0.201,-0.028,-0.825,-152.832,56.641,2.502
0.228,0.029,-0.651,-164.490,64.453,-8.301
0.252,0.086,-0.524,-170.349,65.918,-5.981
0.288,0.149,-0.452,-177.856,59.387,2.502
0.351,0.191,-0.371,-185.120,59.937,6.042
0.431,0.184,-0.321,-191.223,70.313,-2.075
0.522,0.145,-0.325,-203.979,80.444,-20.691
0.566,0.137,-0.323,-227.356,90.820,-46.387
0.539,0.154,-0.270,-253.052,104.980,-74.097
0.467,0.176,-0.179,-274.170,121.155,-96.497
0.341,0.260,0.017,-283.264,127.686,-108.459
0.208,0.353,0.289,-261.292,124.329,-102.966
0.122,0.439,0.423,-226.929,110.535,-71.716
0.129,0.462,0.458,-200.806,85.388,-37.537
0.236,0.371,0.452,-190.674,71.899,-23.621
0.293,0.335,0.378,-200.623,64.148,-36.255
0.262,0.354,0.353,-228.943,77.332,-55.847
0.263,0.351,0.433,-257.751,108.093,-80.872
0.258,0.425,0.684,-289.429,127.930,-114.502
0.174,0.594,1.105,-291.077,128.784,-131.958
0.080,0.771,1.419,-254.700,124.939,-120.300
0.059,0.876,1.537,-216.309,109.070,-101.074
0.061,0.907,1.613,-193.176,89.478,-91.003
0.029,0.942,1.651,-170.105,73.853,-81.116
0.003,0.956,1.625,-151.001,69.519,-74.036
-0.010,0.939,1.575,-139.832,73.914,-74.768
-0.019,0.918,1.524,-132.141,80.139,-79.346
-0.035,0.917,1.511,-129.639,82.764,-86.304
-0.089,0.944,1.558,-123.596,73.730,-87.463
-0.159,0.981,1.586,-109.619,50.232,-71.289
-0.214,1.014,1.582,-96.924,18.555,-41.565
-0.228,1.031,1.594,-80.261,-8.850,-10.803
-0.185,1.009,1.574,-58.716,-27.771,13.733
-0.123,0.965,1.519,-44.800,-38.147,27.405
-0.081,0.944,1.474,-35.767,-36.865,31.311
-0.036,0.924,1.418,-23.682,-27.710,29.968
0.001,0.899,1.342,-13.916,-14.709,21.973
0.001,0.885,1.252,-5.432,-0.061,12.390
-0.018,0.865,1.143,2.930,7.812,10.559
-0.006,0.826,1.040,7.324,4.822,16.602
0.035,0.795,0.985,6.531,-4.150,21.667
0.061,0.782,0.961,7.568,-9.705,23.193
0.063,0.771,0.917,11.719,-10.376,25.085
0.062,0.750,0.856,14.954,-12.146,29.663
0.085,0.719,0.801,18.921,-15.076,34.668
0.131,0.686,0.746,21.240,-15.076,33.997
0.164,0.656,0.688,19.714,-12.085,26.917
0.169,0.640,0.640,15.991,-7.141,20.203
0.165,0.630,0.613,11.414,-4.578,17.700
0.164,0.617,0.606,7.263,-6.653,19.348

0.044,1.153,1.442,106.018,17.883,-4.333
0.016,1.215,1.504,117.371,10.437,-3.479
-0.015,1.268,1.555,129.456,5.615,-2.502
-0.046,1.305,1.599,144.348,6.531,-1.526
-0.065,1.325,1.611,161.560,11.597,-0.488
-0.079,1.324,1.587,175.720,12.024,2.747
-0.102,1.315,1.564,188.293,5.188,11.597
-0.115,1.300,1.557,201.965,-4.578,24.292
-0.120,1.277,1.566,212.402,-15.930,36.316
-0.147,1.253,1.558,225.525,-30.334,51.392
-0.180,1.207,1.504,240.601,-50.171,74.219
-0.195,1.118,1.402,257.629,-73.059,100.159
-0.183,0.985,1.259,276.367,-88.806,118.774
-0.156,0.825,1.096,290.649,-92.590,125.366
-0.139,0.662,0.912,300.110,-90.210,124.512
-0.119,0.484,0.716,304.810,-86.975,123.474
-0.087,0.332,0.550,299.072,-86.060,120.605
-0.070,0.236,0.454,291.443,-86.548,115.906
-0.076,0.174,0.398,286.987,-86.609,112.366
-0.093,0.106,0.335,286.682,-88.379,116.211
-0.067,0.037,0.274,281.860,-95.886,126.465
0.006,-0.019,0.215,278.748,-105.286,129.822
0.077,-0.113,0.085,278.015,-104.309,120.483
0.111,-0.228,-0.143,270.386,-100.342,112.244
0.145,-0.362,-0.387,256.226,-98.755,106.079
0.206,-0.515,-0.596,239.075,-89.722,90.393
0.224,-0.606,-0.768,219.360,-74.280,67.932
0.198,-0.648,-0.925,205.078,-59.937,50.354
0.166,-0.710,-1.100,188.049,-48.950,40.283
0.120,-0.742,-1.291,164.978,-47.974,42.603
0.092,-0.713,-1.427,135.193,-55.298,55.054
0.130,-0.632,-1.458,104.736,-58.899,65.063
0.190,-0.477,-1.419,74.341,-57.373,64.209
0.223,-0.264,-1.329,46.143,-50.781,55.664
0.243,-0.038,-1.182,22.705,-39.307,42.419
0.248,0.175,-1.005,6.897,-26.550,26.978
0.244,0.368,-0.846,-3.479,-17.944,17.822
0.248,0.535,-0.719,-8.240,-15.198,17.212
0.264,0.653,-0.630,-9.277,-16.846,21.484
0.301,0.718,-0.576,-9.460,-21.423,27.893
0.367,0.750,-0.536,-7.141,-24.231,28.687
0.424,0.758,-0.519,-1.587,-19.775,20.081
0.456,0.746,-0.528,2.869,-14.404,10.742
0.468,0.719,-0.546,6.470,-13.306,3.906
0.464,0.679,-0.578,8.667,-13.855,1.648
0.457,0.630,-0.611,9.766,-16.541,1.648
0.437,0.579,-0.647,10.681,-18.860,2.380
0.421,0.531,-0.689,11.047,-18.738,2.380
0.415,0.494,-0.719,10.132,-16.235,-0.122
0.407,0.466,-0.742,8.606,-12.024,-4.944
0.404,0.442,-0.762,5.676,-7.568,-10.132
0.393,0.437,-0.763,1.343,-5.188,-14.648
0.353,0.446,-0.761,-3.174,-5.005,-16.235
0.298,0.452,-0.759,-8.362,-6.226,-13.428
0.249,0.450,-0.749,-12.207,-6.958,-9.094
0.201,0.423,-0.765,-15.198,-6.287,-4.822
0.157,0.373,-0.815,-20.874,-3.906,-1.160
0.132,0.316,-0.859,-30.212,-0.977,1.038
0.129,0.264,-0.874,-40.527,4.211,1.221
0.131,0.230,-0.873,-50.049,10.437,0.488
0.127,0.206,-0.877,-58.838,16.907,-0.732
0.126,0.188,-0.878,-68.665,23.560,-3.235
0.109,0.180,-0.861,-78.552,30.334,-7.019
0.062,0.166,-0.846,-88.135,35.583,-8.240
0.008,0.130,-0.854,-98.694,38.513,-4.639
-0.031,0.073,-0.863,-112.183,39.551,2.258
-0.050,0.019,-0.832,-124.634,41.199,10.071
-0.038,-0.021,-0.788,-135.193,44.250,16.235
0.025,-0.046,-0.743,-149.536,48.706,18.311
0.124,-0.048,-0.663,-167.542,56.641,13.245
0.204,-0.027,-0.556,-182.800,67.566,0.305
0.234,0.016,-0.442,-193.909,78.308,-13.184
0.226,0.063,-0.356,-200.256,89.478,-20.081
0.226,0.083,-0.311,-205.872,96.252,-19.775
0.252,0.082,-0.267,-213.989,97.473,-19.958
0.271,0.098,-0.193,-225.037,90.149,-20.691
0.264,0.158,-0.108,-236.633,78.186,-13.977
0.266,0.235,-0.029,-247.070,72.693,-4.822
0.270,0.307,0.068,-252.502,78.369,-3.784
0.250,0.356,0.141,-247.498,96.008,-8.667
0.215,0.387,0.176,-239.868,117.249,-14.282
0.179,0.391,0.229,-227.722,137.878,-19.104
0.294,0.238,0.262,-217.102,153.992,-27.405
0.442,0.168,0.256,-238.037,132.935,-48.523
0.412,0.272,0.367,-274.536,107.666,-65.063
0.339,0.396,0.593,-294.739,105.469,-69.275
0.271,0.546,0.836,-293.823,103.149,-68.054
0.210,0.647,1.007,-266.785,108.093,-54.565
0.246,0.704,1.097,-238.953,114.502,-39.246
0.333,0.765,1.296,-221.802,121.704,-39.429
0.425,0.815,1.526,-194.153,132.019,-52.002
0.494,0.831,1.592,-178.345,126.709,-71.472
0.417,0.889,1.579,-185.059,103.760,-82.764
0.277,0.973,1.574,-184.509,88.135,-75.256
0.229,1.045,1.595,-179.810,80.322,-65.430
0.215,1.133,1.708,-166.809,73.364,-61.584
0.183,1.198,1.763,-132.751,69.275,-51.208
0.193,1.165,1.702,-105.347,60.303,-37.354
0.203,1.131,1.702,-96.680,44.739,-33.203
0.144,1.178,1.729,-81.421,32.349,-28.870
0.095,1.204,1.669,-62.134,21.545,-14.404
0.096,1.192,1.581,-47.852,8.484,1.160
0.103,1.177,1.506,-32.593,0.610,10.986
0.113,1.130,1.385,-16.235,-3.052,20.203
0.162,1.044,1.239,-7.202,-10.803,28.931
0.235,0.971,1.140,-4.578,-18.494,28.076
0.268,0.943,1.081,-2.075,-16.602,19.165
0.266,0.921,1.017,3.174,-9.338,11.841
0.259,0.883,0.944,8.545,-6.592,9.766
0.255,0.849,0.878,12.817,-10.620,12.146
0.266,0.810,0.830,17.517,-15.198,13.550
0.276,0.764,0.783,19.775,-14.587,9.766
0.264,0.731,0.736,19.409,-11.047,4.883
0.240,0.704,0.709,18.677,-8.179,3.174
0.223,0.683,0.693,18.738,-8.362,5.432
0.221,0.666,0.682,18.921,-11.597,10.681
0.243,0.642,0.681,19.287,-16.296,14.465
0.262,0.620,0.685,17.517,-18.433,12.695
0.252,0.613,0.690,16.052,-15.198,8.606

0.140,1.134,1.521,89.722,-7.019,1.587
0.140,1.191,1.579,105.469,0.793,-3.479
0.140,1.242,1.616,120.361,4.944,-7.141
0.131,1.287,1.661,135.803,6.226,-9.766
0.110,1.332,1.697,154.541,7.690,-10.071
0.082,1.355,1.690,174.988,6.592,-5.737
0.064,1.343,1.640,193.420,-0.122,4.456
0.055,1.310,1.563,211.182,-11.536,19.714
0.073,1.261,1.487,226.440,-23.682,35.156
0.113,1.206,1.426,237.488,-35.583,45.593
0.151,1.137,1.368,250.854,-43.701,50.232
0.156,1.076,1.306,262.024,-47.607,50.293
0.125,1.001,1.240,278.442,-50.842,54.871
0.100,0.900,1.174,299.072,-55.664,66.589
0.081,0.785,1.095,319.763,-63.110,79.529
0.064,0.630,0.957,337.891,-75.806,94.788
0.037,0.461,0.764,343.262,-92.590,109.985
-0.000,0.296,0.565,338.013,-106.201,123.779
-0.003,0.132,0.370,325.439,-117.676,134.460
0.062,-0.032,0.206,312.866,-124.329,133.789
0.144,-0.169,0.078,300.659,-116.333,112.732
0.176,-0.280,-0.057,292.114,-95.154,79.163
0.145,-0.401,-0.222,281.677,-71.228,46.021
0.054,-0.511,-0.413,265.930,-58.594,28.870
-0.038,-0.576,-0.592,246.277,-59.509,31.921
-0.101,-0.578,-0.718,218.323,-74.097,49.316
-0.132,-0.536,-0.823,194.092,-93.689,75.195
-0.097,-0.501,-0.931,169.312,-105.530,92.651
-0.021,-0.471,-1.005,147.583,-99.792,88.074
0.021,-0.411,-1.057,128.723,-78.369,67.566
0.020,-0.321,-1.097,109.070,-56.335,48.035
0.015,-0.212,-1.098,88.989,-38.574,34.180
-0.001,-0.101,-1.076,71.228,-27.039,26.489
-0.023,0.009,-1.063,53.833,-23.010,30.579
-0.014,0.131,-1.020,33.691,-29.053,44.617
0.048,0.259,-0.920,19.836,-33.875,56.763
0.130,0.361,-0.828,13.977,-27.466,54.321
0.194,0.427,-0.786,11.414,-12.390,42.480
0.231,0.477,-0.767,7.690,1.099,29.236
0.265,0.516,-0.755,2.258,8.423,21.729
0.317,0.544,-0.738,-5.005,9.033,19.043
0.376,0.559,-0.698,-9.155,7.996,16.724
0.438,0.564,-0.661,-7.507,9.399,13.611
0.492,0.566,-0.650,-4.395,9.583,9.521
0.528,0.570,-0.657,-3.052,8.179,6.775
0.549,0.586,-0.652,-2.441,5.493,4.333
0.554,0.609,-0.638,-1.282,2.991,1.892
0.545,0.617,-0.640,-0.183,-0.305,-0.671
0.534,0.613,-0.653,-0.244,-2.747,-4.395
0.517,0.604,-0.657,-0.732,-3.296,-9.521
0.479,0.592,-0.659,-1.221,-3.418,-13.489
0.421,0.574,-0.671,-1.526,-5.493,-13.550
0.366,0.554,-0.691,-2.625,-9.216,-9.949
0.326,0.540,-0.709,-4.211,-12.268,-5.981
0.301,0.531,-0.720,-6.042,-12.329,-4.517
0.281,0.528,-0.722,-8.057,-9.521,-5.798
0.259,0.513,-0.723,-8.789,-4.578,-8.484
0.238,0.491,-0.748,-11.230,-1.160,-9.460
0.221,0.460,-0.782,-17.761,-1.221,-6.226
0.222,0.424,-0.796,-26.794,-2.686,-1.831
0.240,0.402,-0.791,-34.973,-1.587,-0.549
0.249,0.382,-0.776,-41.016,2.197,-3.540
0.245,0.362,-0.782,-45.288,9.399,-9.338
0.252,0.348,-0.792,-51.392,18.311,-17.700
0.255,0.331,-0.782,-56.580,27.466,-28.442
0.248,0.305,-0.792,-61.462,38.086,-39.795
0.242,0.272,-0.813,-70.679,46.143,-49.561
0.219,0.242,-0.812,-81.848,51.392,-56.946
0.153,0.215,-0.810,-95.520,49.866,-57.007
0.071,0.185,-0.818,-110.229,42.480,-47.119
0.011,0.165,-0.783,-125.305,32.593,-33.325
-0.035,0.139,-0.729,-132.996,26.062,-18.860
-0.060,0.079,-0.748,-142.456,22.095,-2.014
-0.057,0.008,-0.768,-158.691,16.357,16.174
0.018,-0.046,-0.716,-172.363,19.287,23.987
0.154,-0.044,-0.614,-185.547,35.095,8.301
0.225,0.004,-0.502,-196.045,59.570,-20.813
0.235,0.050,-0.440,-203.674,81.970,-41.626
0.250,0.117,-0.339,-216.797,93.445,-54.871
0.215,0.222,-0.173,-223.694,95.947,-59.937
0.141,0.299,-0.096,-223.572,91.553,-46.265
0.121,0.316,-0.070,-230.042,77.454,-22.888
0.104,0.312,-0.007,-234.802,57.129,0.183
0.091,0.271,-0.016,-232.788,44.556,22.949
0.130,0.187,-0.095,-242.798,33.691,38.452
0.193,0.118,-0.135,-263.916,35.339,41.321
0.322,0.049,-0.098,-288.818,46.814,20.081
0.418,0.018,0.038,-320.190,68.054,-24.231
0.381,0.078,0.244,-340.576,106.812,-70.313
0.323,0.236,0.612,-340.698,141.968,-106.628
0.301,0.486,1.109,-313.171,168.152,-129.211
0.263,0.706,1.420,-267.090,179.260,-130.188
0.260,0.736,1.496,-231.323,150.208,-116.272
0.219,0.737,1.492,-224.365,81.421,-89.661
0.093,0.832,1.470,-229.065,11.353,-36.926
0.139,0.877,1.517,-229.980,-32.959,17.761
0.319,0.924,1.707,-227.783,-32.288,23.987
0.389,1.008,1.872,-201.050,19.043,-11.658
0.372,1.019,1.862,-164.734,80.261,-55.481
0.294,1.013,1.847,-144.470,113.647,-91.919
0.139,1.069,1.869,-119.751,119.019,-103.577
0.032,1.091,1.826,-94.604,99.182,-89.905
-0.033,1.087,1.761,-80.994,59.204,-63.416
-0.115,1.113,1.690,-69.092,17.029,-27.100
-0.150,1.116,1.582,-56.519,-17.578,14.343
-0.104,1.073,1.470,-46.509,-38.757,47.302
-0.008,1.009,1.392,-37.903,-40.588,58.960
0.086,0.940,1.322,-28.015,-24.597,49.561
0.153,0.873,1.233,-19.470,-3.662,29.602
0.169,0.841,1.136,-15.381,10.010,13.794
0.168,0.829,1.068,-13.062,16.052,8.606
0.202,0.814,1.048,-9.644,14.099,8.484
0.239,0.810,1.042,-1.831,8.545,9.033
0.249,0.806,0.995,8.179,2.502,13.000
0.254,0.776,0.915,13.306,-6.653,21.545
0.278,0.733,0.863,14.099,-17.517,26.917
0.302,0.709,0.840,15.137,-20.752,22.339
0.302,0.704,0.809,16.846,-12.878,11.475
0.291,0.695,0.775,16.541,-1.526,0.488

0.307,1.031,1.471,50.415,-59.265,9.583
0.313,1.143,1.611,58.838,-72.266,7.935
0.294,1.266,1.721,78.674,-69.397,5.493
0.279,1.339,1.767,104.980,-51.025,1.282
0.276,1.337,1.732,134.521,-31.128,-0.977
0.297,1.277,1.626,158.997,-22.095,-0.671
0.304,1.224,1.514,172.546,-20.874,-0.183
0.289,1.184,1.415,188.049,-20.630,2.747
0.304,1.137,1.332,199.829,-16.541,3.723
0.307,1.093,1.280,206.726,-11.414,-0.488
0.278,1.034,1.194,222.778,-11.292,1.160
0.270,0.960,1.085,232.056,-15.991,6.348
0.242,0.903,1.018,236.755,-22.949,10.742
0.201,0.847,0.951,248.169,-29.907,20.813
0.204,0.779,0.900,252.136,-38.513,29.846
0.212,0.723,0.880,257.080,-48.828,36.377
0.217,0.695,0.854,264.160,-59.387,45.593
0.224,0.670,0.860,267.456,-67.078,52.856
0.216,0.605,0.846,281.799,-75.439,60.852
0.199,0.509,0.738,294.250,-85.266,69.397
0.175,0.401,0.614,298.279,-93.140,75.867
0.162,0.275,0.495,306.580,-93.689,77.148
0.194,0.151,0.362,307.434,-88.379,70.862
0.213,0.061,0.235,296.570,-88.318,60.364
0.188,-0.041,0.090,289.795,-89.233,50.903
0.167,-0.166,-0.085,282.043,-84.961,39.307
0.125,-0.294,-0.270,274.231,-74.158,23.804
0.046,-0.417,-0.495,263.855,-61.279,11.353
-0.019,-0.533,-0.730,245.728,-53.345,6.897
-0.071,-0.619,-0.937,223.328,-52.429,9.766
-0.128,-0.680,-1.149,198.242,-54.565,16.846
-0.165,-0.723,-1.345,166.321,-60.303,29.907
-0.164,-0.705,-1.470,131.897,-72.144,47.302
-0.130,-0.636,-1.518,99.609,-80.078,61.584
-0.066,-0.531,-1.499,70.374,-75.989,65.186
0.024,-0.370,-1.408,42.969,-63.293,58.411
0.108,-0.169,-1.253,20.508,-46.082,42.725
0.168,0.035,-1.085,4.761,-26.184,23.926
0.194,0.240,-0.925,-10.010,-12.085,9.827
0.212,0.430,-0.757,-20.996,-6.104,4.456
0.249,0.590,-0.589,-26.062,-3.357,3.845
0.281,0.704,-0.458,-23.743,-3.662,5.066
0.301,0.763,-0.407,-17.883,-6.531,9.460
0.331,0.776,-0.422,-13.428,-9.705,13.611
0.367,0.746,-0.466,-9.277,-8.484,11.536
0.398,0.700,-0.519,-6.775,-3.296,3.784
0.399,0.655,-0.568,-5.859,1.282,-5.066
0.369,0.605,-0.626,-5.554,2.747,-8.484
0.348,0.550,-0.684,-7.385,0.793,-7.446
0.338,0.502,-0.719,-11.047,-2.808,-5.249
0.322,0.461,-0.742,-14.343,-5.249,-3.723
0.295,0.419,-0.781,-17.456,-4.272,-2.808
0.262,0.381,-0.824,-22.522,-1.038,-3.296
0.233,0.352,-0.849,-29.114,3.967,-5.249
0.203,0.337,-0.857,-37.781,8.362,-7.324
0.167,0.335,-0.833,-46.021,10.986,-6.775
0.119,0.344,-0.794,-51.697,11.047,-3.235
0.058,0.335,-0.786,-56.458,10.254,3.784
0.018,0.304,-0.806,-63.171,9.644,11.841
0.011,0.272,-0.804,-72.327,10.681,18.372
0.012,0.229,-0.787,-80.322,16.663,20.630
0.027,0.176,-0.791,-88.989,25.452,19.775
0.054,0.138,-0.789,-100.891,33.752,16.235
0.078,0.117,-0.758,-113.159,43.518,10.803
0.096,0.099,-0.726,-124.451,54.199,5.188
0.080,0.089,-0.695,-136.780,62.622,0.854
0.019,0.110,-0.630,-149.292,61.829,5.920
-0.023,0.130,-0.547,-157.410,53.528,22.888
0.011,0.146,-0.483,-166.138,43.945,41.077
0.083,0.176,-0.407,-178.528,42.603,47.363
0.155,0.187,-0.346,-187.622,53.528,41.443
0.241,0.205,-0.312,-198.059,71.838,26.489
0.290,0.245,-0.232,-208.496,95.886,3.113
0.272,0.282,-0.161,-211.243,120.300,-16.357
0.201,0.334,-0.110,-217.346,122.986,-17.029
0.119,0.388,-0.047,-218.384,106.018,7.263
0.129,0.397,-0.032,-221.313,84.595,41.992
0.279,0.310,-0.011,-234.070,66.650,60.852
0.476,0.224,0.024,-253.174,51.453,54.138
0.556,0.256,0.086,-276.978,53.528,29.541
0.520,0.336,0.213,-289.490,85.449,2.502
0.468,0.432,0.378,-284.912,117.615,-20.630
0.422,0.521,0.579,-267.273,132.874,-28.015
0.423,0.582,0.734,-243.286,124.573,-9.094
0.635,0.556,0.858,-222.168,109.619,3.357
0.903,0.562,1.048,-229.431,118.286,-33.203
0.902,0.697,1.250,-242.310,154.175,-92.163
0.722,0.819,1.342,-244.507,188.171,-131.836
0.524,0.962,1.463,-243.164,196.045,-145.569
0.358,1.085,1.660,-207.397,176.514,-131.348
0.245,1.101,1.631,-156.555,134.949,-86.304
0.205,1.002,1.450,-128.540,71.594,-32.410
0.250,0.868,1.352,-119.568,2.930,9.644
0.289,0.827,1.308,-118.530,-45.349,31.189
0.306,0.836,1.318,-119.690,-46.509,32.715
0.344,0.862,1.405,-118.835,-7.874,11.841
0.347,0.913,1.486,-104.553,38.513,-18.250
0.297,0.959,1.477,-82.642,66.101,-33.508
0.244,0.973,1.424,-61.646,65.491,-25.818
0.245,0.929,1.385,-42.114,46.143,-8.240
0.266,0.880,1.344,-27.710,20.874,4.211
0.254,0.846,1.280,-18.311,0.427,14.648
0.244,0.810,1.209,-15.076,-13.123,26.489
0.279,0.785,1.174,-14.587,-21.484,35.095
0.341,0.773,1.185,-10.132,-17.517,28.625
0.364,0.774,1.182,-2.258,0.854,11.230
0.343,0.775,1.131,5.798,17.212,-0.488
0.314,0.762,1.062,11.414,20.752,-2.319
0.302,0.743,0.996,15.930,14.709,1.831
0.309,0.718,0.929,19.287,6.287,4.883
0.309,0.695,0.863,20.325,2.197,4.517
0.292,0.680,0.807,19.043,2.319,3.723
0.270,0.665,0.769,17.517,1.465,5.005
0.251,0.650,0.749,17.395,-1.770,8.972
0.246,0.637,0.732,18.066,-5.249,14.709
0.270,0.611,0.718,18.127,-8.423,18.127
0.294,0.582,0.704,17.883,-7.935,13.794
0.290,0.575,0.680,16.663,-3.296,6.958
0.274,0.575,0.661,14.343,0.732,3.418

0.335,1.018,1.420,35.889,5.859,-20.630
0.349,1.097,1.562,51.025,5.493,-21.851
0.361,1.167,1.674,70.374,8.484,-24.841
0.367,1.227,1.764,87.524,13.550,-29.724
0.344,1.277,1.804,108.337,16.602,-31.677
0.312,1.287,1.743,132.874,11.292,-25.330
0.294,1.254,1.617,152.100,-1.709,-13.306
0.296,1.208,1.500,165.466,-15.564,-2.319
0.309,1.173,1.436,173.950,-22.278,1.648
0.318,1.139,1.378,188.416,-23.437,1.465
0.337,1.087,1.288,205.078,-23.926,0.244
0.350,1.030,1.206,215.271,-20.325,-4.272
0.332,0.965,1.121,229.492,-16.357,-7.446
0.307,0.890,1.022,240.417,-19.592,-4.211
0.268,0.823,0.941,247.192,-30.151,4.028
0.218,0.760,0.868,255.188,-44.434,18.311
0.176,0.700,0.802,259.949,-59.509,35.889
0.154,0.625,0.739,266.785,-73.242,53.833
0.169,0.547,0.669,267.883,-87.280,65.552
0.177,0.498,0.614,264.832,-99.854,69.885
0.158,0.460,0.565,265.503,-104.187,69.885
0.137,0.415,0.497,264.709,-102.478,67.566
0.114,0.378,0.420,262.390,-104.492,67.261
0.093,0.341,0.349,261.108,-109.375,70.129
0.084,0.294,0.276,264.954,-106.812,69.031
0.080,0.234,0.184,266.296,-94.910,59.021
0.068,0.167,0.063,263.428,-82.092,48.157
0.067,0.091,-0.070,256.409,-74.219,40.466
0.089,0.016,-0.188,242.920,-70.679,36.804
0.118,-0.042,-0.301,230.408,-72.266,36.621
0.149,-0.097,-0.414,217.468,-74.402,35.950
0.167,-0.139,-0.525,204.102,-74.097,34.485
0.149,-0.181,-0.658,192.566,-75.317,35.278
0.115,-0.239,-0.805,178.101,-79.895,40.283
0.097,-0.289,-0.945,159.241,-87.524,47.974
0.090,-0.312,-1.065,139.893,-91.919,52.979
0.098,-0.318,-1.154,119.873,-86.853,51.453
0.118,-0.294,-1.205,99.060,-75.684,40.710
0.113,-0.240,-1.232,79.041,-63.049,25.452
0.083,-0.164,-1.248,57.190,-52.002,14.771
0.049,-0.062,-1.220,33.752,-47.119,11.963
0.031,0.055,-1.133,13.733,-45.898,14.832
0.030,0.181,-1.020,-0.549,-43.762,17.639
0.036,0.298,-0.917,-8.789,-36.804,18.188
0.055,0.399,-0.844,-14.587,-27.039,16.785
0.085,0.480,-0.788,-21.606,-20.325,15.076
0.122,0.540,-0.736,-28.442,-16.663,13.000
0.154,0.589,-0.686,-33.813,-13.733,10.315
0.185,0.621,-0.627,-34.912,-8.972,7.263
0.216,0.638,-0.583,-30.029,-2.625,4.028
0.231,0.641,-0.582,-24.658,2.930,1.648
0.232,0.630,-0.602,-22.034,5.005,3.235
0.230,0.616,-0.615,-21.851,3.967,6.836
0.226,0.595,-0.630,-22.278,3.418,8.789
0.220,0.563,-0.662,-24.048,4.333,8.362
0.209,0.521,-0.709,-27.527,7.263,5.981
0.195,0.482,-0.742,-32.227,12.329,1.221
0.163,0.448,-0.748,-35.583,18.555,-4.272
0.092,0.415,-0.765,-37.537,23.254,-5.615
0.025,0.391,-0.805,-40.955,25.391,-0.061
0.009,0.378,-0.806,-47.363,27.527,7.935
0.039,0.363,-0.773,-53.650,31.250,12.268
0.100,0.343,-0.755,-59.570,36.560,11.047
0.162,0.336,-0.734,-68.481,43.701,3.601
0.162,0.314,-0.715,-75.195,51.819,-4.700
0.119,0.283,-0.741,-83.984,56.946,-6.531
0.068,0.264,-0.732,-98.816,52.612,0.671
0.034,0.251,-0.673,-108.215,45.959,13.672
0.070,0.241,-0.637,-115.417,43.823,23.987
0.135,0.232,-0.595,-124.756,47.791,24.109
0.168,0.233,-0.549,-130.371,57.861,16.541
0.177,0.252,-0.516,-138.977,68.359,9.888
0.161,0.271,-0.462,-148.682,71.960,9.155
0.107,0.267,-0.413,-155.884,65.918,18.005
0.019,0.216,-0.432,-162.048,55.908,36.987
-0.058,0.135,-0.496,-170.837,48.523,60.242
-0.089,0.074,-0.507,-182.007,54.443,72.571
-0.041,0.020,-0.452,-187.561,78.552,68.237
0.139,-0.022,-0.389,-192.322,114.319,45.227
0.370,-0.004,-0.273,-211.548,153.442,-1.282
0.475,0.090,-0.058,-240.723,173.889,-43.762
0.438,0.248,0.189,-258.179,172.058,-57.495
0.367,0.396,0.384,-261.353,145.996,-41.016
0.324,0.493,0.463,-253.113,110.229,-1.892
0.330,0.563,0.506,-242.554,79.773,39.307
0.420,0.600,0.559,-221.863,76.416,66.101
0.654,0.587,0.615,-200.928,96.252,48.401
0.873,0.566,0.683,-197.815,134.399,-9.155
0.919,0.580,0.695,-203.369,174.622,-72.815
0.856,0.600,0.714,-225.708,201.660,-121.338
0.696,0.680,0.893,-254.395,198.181,-145.996
0.504,0.857,1.184,-248.352,167.236,-134.766
0.374,1.029,1.387,-211.365,129.700,-99.487
0.290,1.097,1.414,-166.016,97.229,-57.251
0.255,1.062,1.308,-125.671,66.162,-12.634
0.353,0.932,1.191,-100.037,40.771,13.489
0.523,0.795,1.147,-102.600,41.565,-5.005
0.586,0.782,1.214,-127.808,67.932,-57.800
0.493,0.890,1.394,-150.513,98.816,-106.506
0.334,1.058,1.584,-148.437,117.981,-128.418
0.186,1.204,1.731,-123.962,115.723,-122.742
0.069,1.280,1.758,-82.947,90.698,-88.989
-0.001,1.257,1.608,-45.532,45.532,-33.752
-0.028,1.147,1.385,-24.963,-7.935,26.428
0.009,1.005,1.188,-17.334,-52.856,74.280
0.122,0.863,1.046,-19.836,-76.294,93.628
0.239,0.778,0.959,-26.917,-74.158,83.191
0.302,0.760,0.921,-31.372,-46.326,52.979
0.319,0.758,0.918,-31.799,-5.493,16.846
0.300,0.764,0.908,-28.748,24.475,-9.338
0.261,0.772,0.893,-25.085,32.776,-17.029
0.228,0.774,0.883,-18.921,25.452,-8.118
0.224,0.759,0.858,-11.536,9.521,8.301
0.243,0.722,0.817,-7.263,-8.667,24.414
0.261,0.681,0.781,-6.409,-21.545,34.729
0.292,0.644,0.765,-7.141,-25.208,37.720
0.349,0.609,0.777,-8.545,-19.287,29.480
0.390,0.596,0.806,-11.719,-5.310,10.681
0.381,0.617,0.829,-12.329,8.301,-5.981

0.252,1.051,1.276,96.924,1.770,-8.423
0.233,1.075,1.273,109.924,-1.770,-4.028
0.249,1.079,1.248,118.164,-7.690,1.526
0.259,1.092,1.234,122.681,-12.878,2.380
0.251,1.104,1.203,131.653,-15.747,4.517
0.257,1.099,1.169,138.367,-18.433,6.470
0.257,1.098,1.146,144.531,-22.339,7.385
0.262,1.094,1.126,154.053,-27.832,11.230
0.279,1.094,1.124,162.109,-30.823,11.841
0.269,1.092,1.118,174.744,-31.250,12.695
0.262,1.067,1.074,186.646,-35.522,18.555
0.246,1.040,1.029,193.420,-42.053,26.611
0.234,0.999,0.969,206.787,-45.776,37.781
0.282,0.934,0.892,214.966,-46.936,41.382
0.287,0.905,0.863,220.764,-39.978,33.142
0.229,0.888,0.834,238.831,-27.283,29.968
0.184,0.840,0.790,256.287,-22.034,35.400
0.140,0.769,0.747,269.104,-30.579,50.476
0.124,0.709,0.673,274.292,-53.589,73.669
0.137,0.686,0.606,273.804,-72.937,89.539
0.144,0.637,0.527,276.062,-72.205,91.125
0.152,0.532,0.377,278.076,-63.965,85.693
0.136,0.424,0.238,270.874,-61.646,79.773
0.086,0.331,0.137,264.099,-65.063,83.923
0.094,0.256,0.037,253.113,-75.256,93.445
0.113,0.201,-0.035,236.572,-83.496,97.473
0.069,0.095,-0.156,228.149,-89.844,106.567
0.072,-0.077,-0.352,214.417,-102.844,121.765
0.105,-0.196,-0.513,193.176,-112.183,127.014
0.111,-0.255,-0.616,178.345,-104.004,119.141
0.138,-0.333,-0.727,166.748,-89.417,100.525
0.122,-0.381,-0.859,148.560,-81.299,83.679
0.087,-0.397,-0.975,129.456,-70.862,74.219
0.120,-0.387,-1.034,104.980,-63.538,65.430
0.153,-0.311,-1.019,81.970,-56.580,56.091
0.185,-0.214,-0.973,66.101,-45.166,48.096
0.243,-0.098,-0.921,51.575,-36.438,41.565
0.285,0.041,-0.857,38.757,-30.457,34.363
0.307,0.174,-0.797,28.320,-23.621,28.564
0.318,0.288,-0.748,20.447,-19.470,25.391
0.329,0.369,-0.723,14.709,-17.212,25.757
0.370,0.431,-0.704,7.629,-16.052,26.367
0.405,0.475,-0.672,2.258,-14.282,25.146
0.425,0.483,-0.659,-0.244,-11.780,23.193
0.431,0.473,-0.682,-2.563,-8.728,18.433
0.444,0.470,-0.707,-6.409,-6.287,13.794
0.478,0.498,-0.685,-11.414,-3.845,6.470
0.478,0.530,-0.659,-12.634,-1.282,-1.038
0.450,0.534,-0.667,-14.526,-3.967,-1.404
0.454,0.539,-0.644,-17.456,-8.850,2.380
0.478,0.559,-0.601,-15.076,-9.583,2.625
0.491,0.573,-0.604,-12.146,-6.836,0.305
0.499,0.580,-0.614,-12.634,-5.676,-1.526
0.497,0.579,-0.614,-12.024,-4.944,-2.563
0.518,0.572,-0.617,-12.329,-4.028,-4.395
0.540,0.568,-0.619,-13.184,-2.380,-9.949
0.529,0.559,-0.630,-14.404,-1.221,-14.465
0.505,0.552,-0.642,-16.296,-2.747,-14.832
0.472,0.546,-0.648,-18.677,-5.859,-11.963
0.440,0.521,-0.669,-19.409,-6.531,-8.057
0.426,0.480,-0.703,-21.667,-4.761,-7.141
0.406,0.443,-0.722,-24.109,-1.221,-9.521
0.379,0.410,-0.740,-25.452,4.150,-12.207
0.372,0.377,-0.768,-30.701,8.179,-15.198
0.359,0.348,-0.785,-38.452,11.169,-18.433
0.328,0.311,-0.805,-45.654,15.442,-20.447
0.277,0.267,-0.818,-54.138,16.113,-19.897
0.196,0.219,-0.832,-60.120,14.221,-12.207
0.118,0.156,-0.876,-69.458,9.521,2.380
0.062,0.094,-0.912,-83.923,3.662,17.761
0.027,0.044,-0.925,-101.501,1.038,30.029
0.011,0.004,-0.915,-122.620,1.038,38.086
0.027,-0.022,-0.870,-143.555,5.127,41.260
0.078,-0.033,-0.803,-163.147,15.503,36.072
0.132,0.001,-0.682,-179.687,31.311,21.606
0.163,0.063,-0.531,-186.707,50.415,2.441
0.162,0.127,-0.424,-190.125,67.810,-10.193
0.138,0.193,-0.332,-189.392,78.613,-13.062
0.145,0.213,-0.285,-188.171,84.412,-8.057
0.192,0.191,-0.299,-196.228,80.688,-2.258
0.249,0.173,-0.297,-210.388,82.703,-3.296
0.321,0.166,-0.260,-225.525,96.497,-15.686
0.360,0.181,-0.194,-241.333,116.089,-36.682
0.321,0.229,-0.091,-251.160,134.827,-53.772
0.238,0.296,0.038,-251.465,143.982,-57.251
0.152,0.369,0.202,-245.422,140.076,-42.419
0.160,0.367,0.314,-227.783,123.901,-11.963
0.348,0.291,0.309,-225.952,95.276,7.507
0.529,0.328,0.378,-252.197,72.876,-1.526
0.589,0.441,0.553,-269.409,91.309,-26.794
0.583,0.494,0.624,-274.170,133.301,-63.538
0.480,0.514,0.610,-282.532,176.758,-95.947
0.289,0.604,0.742,-292.053,198.730,-106.873
0.141,0.695,1.021,-272.522,172.302,-78.796
0.187,0.653,1.194,-235.657,91.125,-14.343
0.335,0.558,1.272,-218.323,-25.879,52.185
0.441,0.569,1.411,-212.830,-107.910,101.807
0.538,0.683,1.606,-198.181,-103.455,111.511
0.682,0.775,1.759,-170.654,-19.958,73.486
0.814,0.832,1.847,-141.968,85.083,1.831
0.821,0.887,1.895,-111.389,163.574,-68.420
0.701,0.940,1.859,-83.740,193.909,-103.943
0.548,0.974,1.765,-68.542,176.941,-102.173
0.420,0.988,1.671,-56.946,131.226,-74.219
0.350,0.969,1.570,-45.593,78.064,-36.987
0.338,0.920,1.464,-39.307,33.752,-4.211
0.363,0.872,1.405,-36.926,6.592,10.559
0.367,0.856,1.376,-31.067,0.610,6.836
0.344,0.849,1.313,-19.348,10.010,-2.808
0.344,0.834,1.235,-11.230,21.729,-12.878
0.336,0.839,1.186,-5.371,33.447,-24.963
0.300,0.846,1.121,5.676,43.091,-31.372
0.279,0.810,1.015,14.709,43.213,-28.687
0.282,0.756,0.916,15.625,32.288,-20.996
0.280,0.729,0.860,11.902,16.602,-12.085
0.267,0.716,0.837,8.728,5.920,-2.075
0.289,0.690,0.826,5.066,0.244,4.089
0.325,0.670,0.838,1.648,-3.296,1.831
0.321,0.681,0.855,3.113,-3.845,-2.136

0.238,1.019,1.344,55.481,-22.522,10.193
0.238,1.047,1.347,66.223,-28.320,19.043
0.254,1.062,1.338,76.965,-33.264,25.635
0.271,1.073,1.317,88.074,-34.851,26.489
0.291,1.077,1.285,98.877,-32.776,23.621
0.315,1.088,1.274,106.873,-28.687,17.395
0.332,1.105,1.279,116.943,-24.963,11.108
0.347,1.120,1.279,128.052,-21.912,7.385
0.367,1.132,1.282,138.977,-19.836,4.333
0.385,1.133,1.286,151.672,-17.639,0.732
0.393,1.123,1.274,165.527,-15.625,-2.136
0.389,1.109,1.250,178.223,-14.709,-1.953
0.378,1.095,1.221,192.261,-14.465,0.793
0.381,1.066,1.185,206.482,-12.329,2.197
0.385,1.022,1.144,218.140,-8.911,0.122
0.361,0.965,1.077,229.736,-9.705,0.488
0.316,0.901,0.981,236.084,-17.029,7.141
0.247,0.843,0.876,239.258,-29.785,22.034
0.206,0.786,0.804,241.150,-41.504,42.114
0.215,0.724,0.767,242.554,-50.781,57.983
0.241,0.645,0.711,250.183,-55.847,66.833
0.263,0.557,0.625,253.784,-57.495,68.481
0.262,0.468,0.527,256.287,-59.082,67.627
0.260,0.382,0.422,255.615,-62.988,66.101
0.249,0.332,0.337,250.122,-70.801,65.063
0.217,0.294,0.280,247.314,-75.012,66.528
0.205,0.222,0.198,248.535,-73.303,65.979
0.221,0.123,0.074,245.483,-71.045,60.608
0.223,0.040,-0.058,234.985,-73.669,57.495
0.223,-0.026,-0.190,224.426,-78.125,58.411
0.245,-0.089,-0.317,208.923,-81.482,59.021
0.241,-0.153,-0.459,193.909,-89.539,60.852
0.207,-0.250,-0.646,178.223,-100.586,68.726
0.186,-0.370,-0.854,157.776,-109.497,74.951
0.163,-0.462,-1.043,135.437,-111.267,74.402
0.130,-0.501,-1.193,110.352,-106.262,70.862
0.095,-0.486,-1.286,85.754,-98.999,62.988
0.051,-0.433,-1.332,62.439,-85.205,50.293
0.016,-0.350,-1.349,39.429,-68.298,38.330
0.012,-0.217,-1.295,13.489,-52.429,27.710
0.009,-0.046,-1.151,-8.484,-39.185,18.066
-0.001,0.137,-1.000,-24.414,-29.175,13.245
0.011,0.320,-0.864,-38.940,-21.240,13.611
0.050,0.493,-0.700,-50.354,-16.541,16.174
0.119,0.651,-0.533,-53.711,-13.794,18.127
0.218,0.790,-0.394,-51.270,-11.047,16.968
0.305,0.899,-0.301,-44.067,-7.080,12.573
0.361,0.941,-0.276,-33.264,-4.028,9.399
0.400,0.924,-0.316,-23.315,-2.075,8.911
0.433,0.876,-0.377,-15.991,-1.221,9.094
0.475,0.816,-0.428,-11.047,-0.732,7.446
0.501,0.760,-0.465,-8.423,-0.549,3.967
0.504,0.697,-0.510,-5.432,0.061,1.587
0.513,0.635,-0.563,-5.066,0.183,-0.732
0.513,0.596,-0.580,-5.859,0.977,-5.066
0.482,0.578,-0.584,-5.310,1.526,-8.484
0.438,0.566,-0.603,-6.348,-0.305,-7.629
0.405,0.550,-0.624,-8.423,-2.502,-4.700
0.380,0.532,-0.647,-11.658,-3.662,-2.625
0.361,0.508,-0.669,-15.869,-2.563,-3.418
0.339,0.476,-0.691,-20.264,2.258,-7.446
0.301,0.440,-0.718,-26.123,7.935,-12.024
0.251,0.395,-0.747,-33.203,11.597,-14.465
0.186,0.354,-0.768,-41.687,11.597,-14.282
0.104,0.319,-0.786,-51.025,11.414,-10.254
0.033,0.281,-0.801,-61.218,12.634,-2.991
-0.010,0.248,-0.799,-71.411,15.625,4.395
-0.026,0.219,-0.790,-81.848,21.667,8.728
-0.013,0.195,-0.777,-93.140,31.616,8.850
0.021,0.186,-0.738,-105.530,45.105,3.601
0.046,0.190,-0.672,-116.394,58.533,-4.517
0.040,0.211,-0.590,-126.099,65.247,-8.179
0.009,0.248,-0.517,-135.132,60.669,0.671
-0.012,0.274,-0.462,-143.738,50.354,21.423
0.008,0.276,-0.416,-150.757,41.260,44.373
0.073,0.264,-0.372,-156.799,37.231,59.082
0.152,0.257,-0.331,-163.879,39.612,62.317
0.227,0.263,-0.292,-172.729,48.645,58.411
0.318,0.276,-0.224,-182.495,63.477,46.326
0.396,0.307,-0.111,-188.904,81.665,24.902
0.423,0.352,0.000,-190.674,98.694,4.761
0.412,0.401,0.089,-194.153,101.868,-1.831
0.381,0.458,0.188,-197.083,84.290,10.559
0.394,0.495,0.282,-195.496,62.439,34.607
0.503,0.512,0.372,-195.312,43.274,52.124
0.623,0.548,0.458,-197.021,39.856,54.749
0.720,0.600,0.540,-194.946,49.133,38.940
0.764,0.679,0.661,-190.857,58.594,14.709
0.711,0.787,0.774,-175.476,70.435,1.892
0.673,0.845,0.820,-153.564,75.500,5.920
0.701,0.851,0.820,-135.681,70.862,15.808
0.724,0.847,0.795,-122.498,65.674,19.897
0.708,0.835,0.732,-110.657,66.650,19.653
0.701,0.797,0.650,-103.516,76.599,13.611
0.715,0.759,0.612,-106.812,92.773,-1.404
0.689,0.749,0.625,-107.849,110.352,-20.447
0.647,0.754,0.653,-108.215,125.244,-36.011
0.615,0.786,0.734,-110.107,130.188,-47.546
0.561,0.828,0.827,-102.234,135.315,-54.871
0.540,0.840,0.866,-92.285,139.954,-60.364
0.547,0.840,0.914,-88.318,142.883,-72.144
0.524,0.837,0.971,-81.848,149.109,-88.623
0.483,0.839,1.019,-84.351,138.062,-97.534
0.406,0.892,1.094,-89.661,102.234,-86.060
0.312,0.968,1.169,-84.595,70.435,-59.570
0.270,1.004,1.191,-72.021,52.124,-31.311
0.276,0.989,1.159,-57.739,39.490,-7.385
0.316,0.935,1.094,-44.922,32.410,7.629
0.368,0.866,1.035,-40.955,32.959,8.301
0.414,0.795,1.006,-45.410,35.034,-2.563
0.435,0.771,1.009,-55.786,27.466,-15.137
0.411,0.808,1.058,-65.369,17.578,-23.071
0.367,0.869,1.145,-63.843,12.512,-24.048
0.340,0.919,1.215,-47.302,10.498,-20.203
0.320,0.918,1.199,-24.963,8.667,-12.756
0.294,0.875,1.103,-10.742,1.587,-0.793
0.274,0.824,1.008,-5.615,-7.751,11.902
0.279,0.778,0.952,-4.028,-14.221,20.996
0.306,0.750,0.923,-4.639,-17.029,23.254

0.316,1.143,1.134,102.478,-1.404,-34.912
0.311,1.175,1.161,110.168,0.305,-36.987
0.297,1.199,1.203,120.667,5.432,-39.795
0.270,1.193,1.205,136.963,8.484,-38.635
0.247,1.164,1.147,151.489,5.859,-31.677
0.224,1.120,1.070,160.583,0.549,-23.254
0.207,1.060,0.985,168.762,-3.967,-13.123
0.224,1.001,0.924,171.692,-7.324,-7.080
0.236,0.970,0.902,174.255,-8.301,-7.751
0.222,0.953,0.872,181.274,-7.263,-9.399
0.208,0.920,0.831,189.331,-5.676,-10.071
0.196,0.869,0.785,197.510,-4.150,-11.353
0.190,0.813,0.716,205.017,-5.310,-11.902
0.164,0.778,0.651,206.055,-9.827,-11.292
0.107,0.747,0.593,210.754,-13.672,-3.906
0.079,0.698,0.532,214.355,-20.630,11.353
0.097,0.644,0.474,216.553,-31.921,27.222
0.147,0.590,0.411,216.980,-37.598,34.607
0.171,0.556,0.365,213.745,-38.391,31.738
0.143,0.539,0.318,216.125,-38.086,31.860
0.130,0.515,0.255,216.125,-41.504,38.574
0.142,0.496,0.217,212.585,-48.767,45.776
0.156,0.480,0.182,210.876,-57.007,51.636
0.176,0.414,0.085,214.417,-60.303,53.162
0.180,0.311,-0.074,210.510,-58.533,51.575
0.170,0.199,-0.236,203.735,-60.669,54.504
0.198,0.087,-0.370,197.266,-63.049,55.786
0.216,-0.002,-0.493,186.584,-61.768,51.270
0.176,-0.082,-0.637,178.955,-61.707,52.124
0.154,-0.166,-0.791,165.283,-66.284,58.716
0.144,-0.216,-0.921,144.287,-78.308,68.176
0.106,-0.230,-1.040,124.573,-92.957,82.458
0.095,-0.238,-1.133,102.661,-99.792,92.102
0.125,-0.211,-1.159,80.933,-95.093,87.585
0.133,-0.132,-1.129,62.439,-83.374,74.707
0.112,-0.020,-1.081,46.936,-68.359,61.340
0.095,0.096,-1.024,33.081,-53.223,49.988
0.101,0.212,-0.944,22.095,-39.551,40.588
0.122,0.335,-0.849,12.817,-29.358,33.447
0.137,0.450,-0.761,6.653,-21.484,28.809
0.150,0.537,-0.700,2.380,-14.709,28.076
0.190,0.601,-0.649,-0.854,-10.620,27.710
0.241,0.645,-0.603,-2.075,-5.493,22.949
0.269,0.676,-0.586,-2.441,-0.488,16.418
0.278,0.691,-0.588,-4.089,2.380,13.306
0.290,0.692,-0.588,-5.615,2.258,12.756
0.309,0.681,-0.594,-7.141,2.136,12.085
0.332,0.665,-0.605,-9.583,1.465,9.827
0.345,0.645,-0.618,-10.742,1.831,5.371
0.338,0.619,-0.638,-10.925,5.371,0.427
0.326,0.594,-0.659,-11.963,8.118,-2.686
0.317,0.576,-0.663,-13.428,8.850,-3.906
0.307,0.574,-0.663,-15.503,7.690,-3.601
0.299,0.573,-0.668,-18.494,5.737,-1.343
0.298,0.567,-0.674,-21.545,4.456,0.916
0.296,0.556,-0.677,-24.231,4.578,2.014
0.299,0.533,-0.687,-25.879,6.165,0.916
0.292,0.497,-0.716,-28.503,9.277,-2.502
0.262,0.446,-0.760,-32.593,13.428,-5.066
0.224,0.384,-0.805,-38.391,15.503,-4.517
0.195,0.326,-0.839,-46.387,14.771,-1.648
0.165,0.291,-0.848,-56.824,12.146,3.418
0.132,0.276,-0.831,-66.833,9.277,10.742
0.107,0.269,-0.809,-76.843,6.958,19.043
0.094,0.269,-0.785,-86.792,5.859,27.588
0.096,0.273,-0.746,-96.252,7.751,33.691
0.109,0.268,-0.707,-103.638,14.709,34.485
0.130,0.248,-0.687,-111.938,23.193,31.616
0.156,0.236,-0.640,-121.887,29.297,26.001
0.170,0.252,-0.570,-129.089,35.706,18.494
0.173,0.273,-0.521,-137.329,41.992,14.893
0.181,0.282,-0.465,-146.362,47.546,14.709
0.195,0.273,-0.403,-152.954,52.429,14.282
0.225,0.247,-0.371,-160.400,53.650,12.756
0.244,0.234,-0.349,-173.401,48.950,9.399
0.226,0.236,-0.302,-186.951,45.593,7.812
0.213,0.241,-0.226,-197.021,44.678,7.202
0.208,0.270,-0.118,-202.271,41.199,7.690
0.176,0.335,-0.014,-202.271,39.734,14.954
0.144,0.390,0.047,-198.914,40.955,30.457
0.154,0.419,0.092,-195.374,42.114,49.561
0.198,0.413,0.145,-189.026,51.697,62.866
0.285,0.358,0.163,-184.692,65.369,64.209
0.392,0.327,0.187,-191.406,66.101,53.711
0.445,0.356,0.278,-201.538,77.332,38.330
0.467,0.393,0.376,-205.688,96.680,18.677
0.464,0.444,0.469,-208.923,106.323,0.061
0.398,0.549,0.626,-206.909,105.591,-3.784
0.347,0.672,0.808,-193.176,104.675,11.902
0.398,0.724,0.928,-172.302,106.384,29.663
0.600,0.661,0.975,-158.325,110.657,24.414
0.734,0.643,0.991,-167.725,113.037,-8.240
0.684,0.693,1.031,-177.063,127.747,-40.894
0.650,0.748,1.128,-185.852,138.611,-66.406
0.604,0.878,1.358,-188.660,128.235,-80.200
0.508,1.044,1.582,-164.734,112.305,-67.810
0.445,1.121,1.608,-131.226,92.651,-38.635
0.418,1.094,1.519,-107.605,75.867,-11.047
0.450,1.013,1.410,-91.797,66.345,4.272
0.549,0.910,1.321,-89.905,57.434,-2.258
0.582,0.897,1.315,-96.252,52.856,-25.940
0.527,0.944,1.368,-94.055,58.044,-48.462
0.462,0.997,1.404,-87.708,56.396,-57.617
0.380,1.082,1.453,-75.256,43.579,-49.744
0.303,1.131,1.452,-50.171,27.771,-25.879
0.272,1.085,1.333,-29.846,6.287,6.348
0.287,1.003,1.200,-20.874,-15.442,33.386
0.338,0.942,1.120,-16.785,-26.306,42.603
0.386,0.904,1.068,-13.489,-20.264,32.349
0.410,0.885,1.028,-9.705,-3.418,11.658
0.397,0.874,0.990,-3.906,12.512,-7.324
0.356,0.857,0.929,2.625,18.372,-12.695
0.332,0.825,0.853,6.897,11.780,-5.310
0.334,0.789,0.796,8.179,0.977,4.883
0.347,0.761,0.761,9.338,-5.005,11.169
0.363,0.737,0.729,10.315,-7.019,13.916
0.383,0.710,0.699,10.498,-7.568,13.611
0.397,0.692,0.681,9.521,-6.531,9.521
0.397,0.685,0.679,9.155,-2.930,3.479

0.383,1.111,1.314,31.738,15.625,-32.227
0.368,1.202,1.432,47.302,16.418,-34.363
0.347,1.266,1.499,67.017,12.268,-30.701
0.325,1.294,1.484,85.327,2.991,-22.461
0.309,1.301,1.451,96.741,-5.981,-14.221
0.293,1.300,1.418,108.215,-13.916,-6.714
0.307,1.275,1.362,119.202,-24.414,1.526
0.328,1.256,1.324,126.160,-34.302,4.272
0.324,1.249,1.292,138.977,-36.072,3.052
0.339,1.223,1.258,151.306,-32.654,-0.427
0.344,1.196,1.239,161.926,-28.748,-6.775
0.320,1.157,1.186,176.331,-27.893,-6.653
0.304,1.104,1.116,184.937,-33.630,-0.732
0.287,1.058,1.076,192.505,-43.518,8.423
0.281,1.012,1.061,201.355,-54.443,18.250
0.280,0.963,1.039,209.229,-62.561,25.024
0.246,0.896,0.957,219.360,-69.580,31.433
0.218,0.795,0.821,229.614,-74.402,39.246
0.229,0.693,0.706,230.469,-75.989,39.917
0.229,0.622,0.639,229.553,-74.158,33.386
0.219,0.590,0.606,231.201,-66.040,24.231
0.211,0.570,0.588,235.535,-52.185,11.841
0.203,0.543,0.561,243.469,-36.926,-0.122
0.172,0.506,0.515,250.488,-25.330,-8.789
0.112,0.423,0.413,258.240,-21.606,-5.005
0.074,0.317,0.244,256.470,-29.785,12.329
0.085,0.222,0.099,246.338,-47.058,34.668
0.131,0.121,-0.006,234.436,-62.805,51.331
0.186,0.007,-0.150,222.107,-74.402,60.181
0.229,-0.122,-0.315,211.487,-81.360,62.378
0.247,-0.254,-0.515,203.003,-83.374,58.289
0.251,-0.368,-0.731,187.439,-79.834,47.058
0.221,-0.443,-0.890,168.823,-74.951,33.691
0.156,-0.487,-1.040,149.292,-71.472,27.649
0.103,-0.503,-1.177,123.840,-73.120,32.837
0.075,-0.466,-1.235,96.680,-78.064,40.771
0.048,-0.372,-1.224,72.998,-80.200,46.875
0.042,-0.240,-1.163,52.551,-73.486,46.509
0.038,-0.087,-1.074,37.537,-59.387,38.025
0.006,0.070,-0.990,25.269,-41.931,28.870
-0.026,0.211,-0.908,13.550,-28.259,24.963
-0.032,0.335,-0.822,3.052,-17.639,23.499
-0.013,0.444,-0.742,-6.226,-8.118,21.729
0.027,0.542,-0.670,-14.221,-0.977,20.874
0.086,0.630,-0.586,-19.836,2.930,20.569
0.159,0.702,-0.496,-20.325,5.737,19.348
0.230,0.743,-0.437,-17.517,9.094,15.381
0.285,0.742,-0.433,-13.062,11.414,13.184
0.341,0.716,-0.461,-10.559,10.925,12.329
0.396,0.686,-0.490,-9.338,9.888,10.559
0.444,0.656,-0.516,-8.545,10.315,5.798
0.482,0.626,-0.545,-7.751,12.695,-1.892
0.498,0.607,-0.565,-7.568,17.456,-11.780
0.470,0.602,-0.576,-7.324,20.081,-19.775
0.411,0.595,-0.601,-8.179,18.372,-21.423
0.360,0.581,-0.628,-11.536,14.893,-18.311
0.325,0.555,-0.644,-15.259,13.245,-15.625
0.301,0.516,-0.670,-18.738,14.221,-15.381
0.286,0.485,-0.705,-24.231,18.494,-18.433
0.276,0.454,-0.727,-31.067,25.635,-23.804
0.265,0.417,-0.756,-37.659,32.959,-29.236
0.237,0.382,-0.799,-46.997,41.077,-35.156
0.194,0.343,-0.814,-56.030,50.598,-41.016
0.140,0.306,-0.817,-63.416,59.326,-43.762
0.074,0.284,-0.819,-72.388,60.364,-39.001
0.020,0.279,-0.804,-81.787,57.007,-27.283
-0.011,0.278,-0.782,-91.858,53.589,-13.428
-0.015,0.274,-0.749,-102.112,50.476,-0.793
0.012,0.273,-0.707,-111.755,51.575,6.165
0.057,0.264,-0.669,-122.498,57.251,7.019
0.100,0.246,-0.632,-134.827,62.073,6.653
0.133,0.240,-0.563,-146.301,62.866,8.362
0.147,0.255,-0.468,-155.151,56.824,15.442
0.142,0.294,-0.371,-162.903,42.664,30.884
0.157,0.332,-0.286,-167.480,29.846,51.208
0.243,0.356,-0.212,-170.166,26.428,63.110
0.360,0.392,-0.119,-172.913,38.330,54.565
0.445,0.438,-0.028,-172.791,61.340,31.372
0.506,0.483,0.045,-172.241,82.092,6.287
0.537,0.533,0.135,-174.194,92.163,-14.587
0.503,0.597,0.230,-174.866,86.426,-19.531
0.443,0.634,0.269,-174.377,65.796,-0.732
0.416,0.632,0.260,-174.988,36.194,30.518
0.440,0.627,0.282,-174.194,7.812,57.251
0.530,0.624,0.322,-168.091,3.662,63.232
0.655,0.613,0.343,-163.452,31.616,36.987
0.754,0.601,0.382,-164.429,73.853,-13.672
0.781,0.617,0.464,-169.617,103.455,-67.200
0.709,0.683,0.572,-176.025,110.168,-101.257
0.551,0.804,0.724,-179.565,94.238,-103.577
0.375,0.935,0.890,-167.786,58.533,-71.106
0.243,1.016,0.926,-145.081,10.498,-9.521
0.192,1.001,0.831,-122.498,-32.166,59.204
0.242,0.895,0.701,-106.506,-58.838,110.229
0.404,0.744,0.575,-103.455,-65.369,129.761
0.592,0.645,0.528,-115.173,-45.105,103.455
0.648,0.646,0.579,-126.770,2.380,50.293
0.609,0.667,0.637,-129.028,50.354,4.517
0.570,0.694,0.682,-130.310,78.491,-23.132
0.520,0.756,0.797,-127.869,94.299,-38.879
0.478,0.802,0.931,-113.403,105.591,-42.847
0.477,0.798,0.996,-101.501,91.858,-36.072
0.479,0.789,1.029,-96.802,62.256,-19.043
0.504,0.800,1.083,-96.863,41.748,-6.897
0.558,0.830,1.178,-97.290,37.842,-11.414
0.587,0.881,1.259,-90.759,47.424,-27.161
0.581,0.931,1.298,-80.078,63.538,-46.753
0.526,0.976,1.324,-65.918,77.209,-61.340
0.438,1.005,1.308,-47.668,81.116,-62.988
0.354,0.990,1.233,-31.189,74.463,-51.270
0.306,0.928,1.130,-23.560,57.251,-31.799
0.308,0.847,1.042,-25.513,30.457,-13.000
0.312,0.802,0.989,-35.278,5.798,-2.869
0.291,0.806,0.979,-41.809,-6.409,1.587
0.277,0.820,1.000,-39.673,-6.836,2.747
0.271,0.834,1.021,-31.372,-1.709,-0.244
0.259,0.836,1.009,-19.226,4.822,-1.648
0.249,0.815,0.952,-9.399,6.653,2.258
0.255,0.783,0.893,-3.662,4.578,8.301

0.492,0.934,1.240,31.372,-18.555,-7.141
0.510,0.988,1.300,40.466,-17.090,-9.705
0.532,1.041,1.358,50.171,-14.954,-15.137
0.536,1.091,1.406,62.439,-12.939,-20.203
0.540,1.131,1.442,73.547,-14.404,-21.790
0.544,1.165,1.481,84.656,-21.240,-19.531
0.553,1.190,1.512,97.412,-31.860,-14.526
0.559,1.207,1.536,109.619,-43.213,-8.545
0.547,1.208,1.528,124.756,-55.359,-0.183
0.551,1.176,1.471,140.015,-71.533,12.329
0.579,1.115,1.405,152.954,-87.708,21.851
0.612,1.047,1.334,166.016,-95.520,22.705
0.619,0.979,1.245,177.917,-97.351,17.700
0.612,0.903,1.150,189.392,-97.229,12.268
0.599,0.829,1.079,195.129,-95.032,6.714
0.553,0.757,1.012,204.468,-95.581,5.432
0.497,0.662,0.907,214.111,-104.004,13.062
0.450,0.574,0.800,215.820,-122.375,26.367
0.423,0.502,0.726,216.370,-143.616,39.001
0.436,0.432,0.684,218.201,-158.020,41.992
0.430,0.374,0.651,223.389,-158.386,30.396
0.368,0.318,0.569,235.229,-146.667,14.160
0.301,0.262,0.447,242.249,-127.441,-0.366
0.247,0.199,0.318,243.530,-108.887,-13.855
0.212,0.135,0.195,238.892,-96.619,-23.193
0.192,0.084,0.105,231.445,-87.219,-29.663
0.163,0.036,0.026,226.624,-80.261,-32.959
0.137,-0.017,-0.082,223.694,-80.688,-30.884
0.096,-0.064,-0.238,217.285,-88.379,-21.790
0.040,-0.125,-0.420,209.229,-96.802,-8.972
0.014,-0.201,-0.588,197.266,-98.633,1.892
-0.001,-0.277,-0.747,185.547,-97.107,6.165
-0.036,-0.340,-0.931,172.729,-94.116,9.399
-0.078,-0.378,-1.130,154.541,-85.571,11.841
-0.097,-0.392,-1.296,130.493,-73.303,11.658
-0.104,-0.387,-1.411,103.455,-60.303,5.859
-0.116,-0.331,-1.460,72.388,-49.988,1.709
-0.125,-0.215,-1.419,42.969,-40.100,0.122
-0.115,-0.068,-1.306,18.799,-29.114,0.244
-0.093,0.107,-1.162,-0.793,-17.151,-1.465
-0.068,0.289,-1.013,-16.357,-4.456,-2.502
-0.013,0.465,-0.854,-30.701,4.395,-2.197
0.065,0.622,-0.668,-40.588,10.315,-3.113
0.141,0.741,-0.481,-41.748,14.404,-3.357
0.224,0.819,-0.338,-37.781,15.381,-1.160
0.320,0.856,-0.266,-32.593,11.536,3.845
0.425,0.855,-0.247,-26.184,4.517,9.705
0.519,0.821,-0.266,-18.616,-1.343,11.597
0.572,0.767,-0.327,-11.963,-3.723,9.888
0.588,0.709,-0.412,-7.080,-3.906,5.859
0.579,0.648,-0.495,-4.150,-0.916,-0.916
0.547,0.582,-0.575,-3.784,4.028,-8.789
0.497,0.526,-0.643,-7.080,7.812,-15.137
0.427,0.497,-0.683,-12.695,9.460,-18.066
0.347,0.480,-0.705,-18.005,9.460,-15.869
0.284,0.477,-0.711,-23.682,7.874,-10.437
0.239,0.486,-0.690,-29.236,7.446,-5.981
0.193,0.500,-0.669,-33.325,8.606,-2.075
0.161,0.510,-0.661,-37.170,12.268,1.892
0.152,0.514,-0.657,-41.199,16.968,4.272
0.137,0.506,-0.664,-45.410,21.790,5.127
0.121,0.481,-0.693,-50.171,27.161,6.409
0.118,0.440,-0.721,-56.946,33.630,7.019
0.105,0.393,-0.732,-63.965,39.246,7.751
0.073,0.357,-0.742,-72.327,38.025,13.916
0.036,0.343,-0.740,-85.388,24.414,29.419
0.020,0.354,-0.705,-99.182,6.287,49.683
0.036,0.347,-0.672,-109.619,-6.531,67.932
0.080,0.307,-0.658,-119.446,-13.000,79.407
0.120,0.267,-0.623,-129.578,-13.367,81.360
0.139,0.234,-0.566,-137.024,-7.202,79.407
0.170,0.206,-0.501,-144.043,1.526,76.477
0.214,0.198,-0.420,-150.513,14.709,71.167
0.255,0.210,-0.321,-152.832,33.630,62.500
0.286,0.236,-0.213,-152.588,54.749,53.162
0.310,0.281,-0.117,-150.696,72.083,48.523
0.329,0.320,-0.038,-147.888,84.900,48.279
0.351,0.336,0.008,-146.057,92.102,50.415
0.390,0.348,0.032,-150.269,91.064,54.199
0.442,0.355,0.070,-154.419,90.210,57.129
0.531,0.353,0.114,-159.424,97.290,51.880
0.612,0.366,0.169,-168.762,107.361,38.208
0.630,0.395,0.217,-175.781,119.629,26.855
0.637,0.427,0.249,-181.030,130.554,19.958
0.659,0.455,0.344,-179.077,140.076,9.766
0.652,0.488,0.416,-165.405,154.968,-1.648
0.603,0.485,0.390,-156.921,157.043,-6.897
0.571,0.438,0.367,-161.621,134.827,5.615
0.599,0.421,0.419,-176.575,93.445,27.893
0.652,0.439,0.527,-186.096,62.988,43.091
0.771,0.475,0.660,-190.125,62.134,38.635
0.937,0.575,0.935,-193.665,88.135,6.592
0.994,0.730,1.254,-171.021,133.179,-35.828
0.956,0.833,1.374,-137.695,163.696,-65.063
0.890,0.894,1.378,-119.324,158.569,-70.190
0.792,0.967,1.389,-102.417,132.812,-56.580
0.708,0.999,1.344,-79.590,108.765,-34.973
0.678,0.953,1.228,-65.002,90.942,-19.348
0.674,0.867,1.108,-62.073,77.148,-14.771
0.689,0.781,1.028,-66.406,67.627,-21.423
0.690,0.756,1.049,-78.674,63.049,-35.461
0.642,0.807,1.161,-82.520,59.448,-45.227
0.595,0.885,1.260,-73.486,54.260,-42.358
0.566,0.957,1.327,-57.434,48.157,-34.363
0.537,0.989,1.352,-36.621,44.189,-26.184
0.505,0.968,1.291,-18.982,34.058,-14.221
0.479,0.923,1.193,-11.353,16.846,0.305
0.461,0.885,1.112,-10.864,1.038,10.498
0.443,0.862,1.058,-12.146,-7.080,15.442
0.436,0.838,1.016,-10.071,-6.470,15.747
0.461,0.797,0.971,-5.310,-1.831,11.047
0.487,0.763,0.927,-2.441,5.615,-0.122
0.477,0.750,0.891,1.587,14.343,-12.085
0.452,0.731,0.844,7.446,20.386,-19.592
0.427,0.712,0.784,10.864,19.958,-20.325
0.405,0.699,0.735,11.536,16.174,-16.113
0.396,0.685,0.700,11.475,9.949,-10.132
0.400,0.663,0.667,11.108,4.456,-5.981
0.412,0.633,0.635,9.399,1.770,-5.737
